model_name,sentence_idx_in_dataset,original_sentence_text,token_sequence_idx,token_text,token_original_word_idx,surprisal_value
gpt2,0,"""I know what with gusto our uncle grabbed the food in front of the guests at the holiday party"",",0,"	5.374024
1	3	I	3.065943
1	4	know	5.656280
1	5	what	3.733736
1	6	with	13.473858
1	7	gust	19.392747
1	8	o	0.035266
1	9	our	11.050196
1	10	uncle	14.669355
1	11	grabbed	13.452385
1	12	the	3.647003
1	13	food	9.724730
1	14	in	5.466193
1	15	front	2.330996
1	16	of	0.032247
1	17	the	4.803259
1	18	guests	9.947072
1	19	at	5.399007
1	20	the	1.106770
1	21	holiday	11.776674
1	22	party	1.347569
1	23	,",0,9.9764
gpt2,1,"""I know that with gusto our uncle grabbed the food in front of the guests at the holiday party"",",0,"	5.374024
2	3	I	3.065943
2	4	know	5.656280
2	5	that	3.006126
2	6	with	8.489372
2	7	gust	15.005935
2	8	o	0.023974
2	9	our	9.646642
2	10	uncle	14.979073
2	11	grabbed	13.059888
2	12	the	3.121610
2	13	food	10.060372
2	14	in	5.446931
2	15	front	2.232196
2	16	of	0.033455
2	17	the	4.765833
2	18	guests	9.576998
2	19	at	5.494990
2	20	the	0.973742
2	21	holiday	12.228498
2	22	party	1.553097
2	23	,",0,10.3109
gpt2,2,"""I know what with gusto our uncle grabbed in front of the guests at the holiday party"",",0,"	5.374024
3	3	I	3.065943
3	4	know	5.656280
3	5	what	3.733736
3	6	with	13.473858
3	7	gust	19.392747
3	8	o	0.035266
3	9	our	11.050196
3	10	uncle	14.669355
3	11	grabbed	13.452385
3	12	in	7.522551
3	13	front	3.780667
3	14	of	0.025650
3	15	the	3.532241
3	16	guests	12.757264
3	17	at	4.748189
3	18	the	1.301850
3	19	holiday	11.361222
3	20	party	1.182586
3	21	,",0,9.7474
gpt2,3,"""I know that with gusto our uncle grabbed in front of the guests at the holiday party""",0,"	5.374024
4	3	I	3.065943
4	4	know	5.656280
4	5	that	3.006126
4	6	with	8.489372
4	7	gust	15.005935
4	8	o	0.023974
4	9	our	9.646642
4	10	uncle	14.979073
4	11	grabbed	13.059888
4	12	in	9.638910
4	13	front	2.864734
4	14	of	0.078186
4	15	the	3.204870
4	16	guests	13.303206
4	17	at	5.124936
4	18	the	1.143702
4	19	holiday	12.178855
4	20	party	1.454143
4	21	",0,8.0499
